Manufacturer Name,Model Number,Technology,Energy_Capacity_kWh,Max_Continuous_Discharge_kW,C_Rate,Certificate Date (mm/dd/yyyy)
"Alpha ESS Co., Ltd.",SMILE-BAT-8.2PHA,LiFePO4,8.2,9.8,1.20,02/06/2021
Altenergy Power System Inc.,APbattery-48V/5.76kWh,LiFePO4,5.76,5,0.87,02/02/2022
AltGrid Power LLC,VB5148V,LiFePO4,5.12,5.12,1.00,11/09/2023
ARK Battery LLC,16IFR51.2-100-Y,LiFePO4,5.12,5.12,1.00,04/11/2020
ATI-Watt,YT-B5120WL2,LiFePO4,5.12,5.12,1.00,21/07/2023
"BSL New Energy Technology Co., Ltd.",B-LFP48-100E,LiFePO4,5.12,5.12,1.00,25/01/2023
BYD Auto Industry Company Limited,BCO274-C15H1000V-U-R1M00,LiFePO4,240,120,0.50,23/07/2019
BYD Auto Industry Company Limited,BCO274-C15H1000V-U-R2M00,LiFePO4,240,120,0.50,23/07/2019
BYD Auto Industry Company Limited,BCO274-C15H1000V-U-R1M01,LiFePO4,247,120,0.49,23/07/2019
BYD Auto Industry Company Limited,BCO274-C15H1000V-U-R2M01,LiFePO4,247,120,0.49,23/07/2019
BYD Auto Industry Company Limited,BCO274-C15H1000V-U-R1M02,LiFePO4,255,120,0.47,23/07/2019
BYD Auto Industry Company Limited,BCO274-C15H1000V-U-R2M0,LiFePO4,255,120,0.47,23/07/2019
Cadenza Innovation,CI48100,LiFePO4,5.12,5.1,1.00,21/06/2023
"Contemporary Amperex Technology Co., Limited",O852280-E,LiFePO4,372.7,186.3,0.50,17/03/2021
Darfon Electronics Corp.,B07ULF-xxx,LiFePO4,7.2,5.7,0.79,18/12/2019
Darfon Electronics Corp.,B09ULF-xxx,LiFePO4,9.6,5.7,0.59,18/12/2019
Darfon Electronics Corp.,B17,LiFePO4,18.4,10,0.54,23/12/2022
Discover Energy Corp.,44-24-2800,LiFePO4,2.816,2.816,1.00,23/04/2018
Discover Energy Corp.,42-48-6650,LiFePO4,6.656,6.656,1.00,23/04/2018
Discover Energy Systems Corp.,48-48-5120,LiFePO4,5.12,5.12,1.00,02/11/2023
Discover Energy Systems Corp.,48-48-5120-H,LiFePO4,5.12,5.12,1.00,02/11/2023
"Dongguan Lithium Valley Energy Co, Ltd",LV-BAT-R5.12Ab,LiFePO4,5.12,5.12,1.00,30/03/2023
EG4 Electronics LLC,WP-16/280-1AWLL,LiFePO4,14.3,10.24,0.72,26/10/2023
"EndurEnergy Systems, Inc.",ESP-5K HL,Li-ion,5,3,0.60,20/09/2023
"EndurEnergy Systems, Inc.",ESP-5100,Li-ion,5.12,4.5,0.88,13/04/2022
Energizer Solar,PSUS4000H-2,LiFePO4,7.95,5.76,0.72,17/11/2023
Energizer Solar,PSUS4000H-3,LiFePO4,11.92,8.64,0.72,17/11/2023
Energizer Solar,PSUS4000H-4,LiFePO4,15.9,11.52,0.72,17/11/2023
Energizer Solar,PSUS4000H-5,LiFePO4,19.87,14.4,0.72,17/11/2023
Energizer Solar,PSUS4000H-6,LiFePO4,23.85,17.28,0.72,17/11/2023
Energizer Solar,PSUS4000H-7,LiFePO4,27.82,20.16,0.72,17/11/2023
e-ON Batteries Inc.,EB48125F-T110A,LiFePO4,6.4,6.4,1.00,18/09/2019
e-ON Batteries Inc.,EBR-P48192EDA1,LiFePO4,9,5,0.56,06/06/2022
"EVE POWER CO., LTD.",C40,LiFePO4,0.064,0.192,3.00,20/07/2022
"EVE POWER CO., LTD.",LF32,LiFePO4,0.1024,0.1024,1.00,24/05/2021
"EVE POWER CO., LTD.",LF50K,LiFePO4,0.16,0.48,3.00,19/11/2020
"EVE POWER CO., LTD.",LF72K,LiFePO4,0.2304,1.2,5.21,22/08/2022
"EVE POWER CO., LTD.",LF90,LiFePO4,0.288,0.288,1.00,14/11/2022
"EVE POWER CO., LTD.",LF100LA,LiFePO4,0.32,0.48,1.50,14/11/2022
"EVE POWER CO., LTD.",LF100MA,LiFePO4,0.3264,0.4896,1.50,13/12/2022
"EVE POWER CO., LTD.",LF105,LiFePO4,0.336,0.336,1.00,14/11/2022
"EVE POWER CO., LTD.",LF280K,LiFePO4,0.896,0.896,1.00,16/04/2021
"EVE POWER CO., LTD.",BR-1-153.6/280-L,LiFePO4,43,21.5,0.50,28/07/2022
"EVE POWER CO., LTD.",BR-2-307.2/280-L,LiFePO4,86,43,0.50,28/07/2022
"EVE POWER CO., LTD.",BR-3-460.8/280-L,LiFePO4,129,64.5,0.50,28/07/2022
"EVE POWER CO., LTD.",BR-4-614.4/280-L,LiFePO4,172,86,0.50,28/07/2022
"EVE POWER CO., LTD.",BR-5-768/280-L,LiFePO4,215,107.5,0.50,28/07/2022
"EVE POWER CO., LTD.",BR-6-921.6/280-L,LiFePO4,258,129,0.50,28/07/2022
"EVE POWER CO., LTD.",BR-7-1075.2/280-L,LiFePO4,301,150.5,0.50,28/07/2022
"EVE POWER CO., LTD.",BR-8-1228.8/280-L,LiFePO4,344,172,0.50,28/07/2022
FnS Power Technology Inc,FCIFP48100A,LiFePO4,4.8,3.5,0.73,24/03/2021
FnS Power Technology Inc,SSIF2P15S48100C,LiFePO4,4.8,3.5,0.73,24/03/2021
Fortress Power LLC,eFlex 5.4,LiFePO4,5,5.4,1.08,11/08/2020
Fortress Power LLC,eVaultMax,LiFePO4,18.43,9.2,0.50,18/06/2021
Fortress Power LLC,eSpire 280,LiFePO4,279.5,139.76,0.50,24/05/2023
Fortress Power LLC,FP-SL00301U001L,LiFePO4,301.056,150.528,0.50,03/08/2023
Fortress Power LLC,FP-SL00344U001L,LiFePO4,344.064,172.032,0.50,08/08/2023
"FOXESS CO., LTD.",ECS4000-H2,LiFePO4,7.95,5.76,0.72,28/10/2022
"FOXESS CO., LTD.",ECS4000-H3,LiFePO4,11.92,8.64,0.72,28/10/2022
"FOXESS CO., LTD.",ECS4000-H4,LiFePO4,15.9,11.52,0.72,28/10/2022
"FOXESS CO., LTD.",ECS4000-H5,LiFePO4,19.87,14.4,0.72,28/10/2022
Geneverse Energy Inc.,GVB-5K-1R102-USS,LiFePO4,5,5,1.00,12/05/2023
Geneverse Energy Inc.,GVB-10K-1R102-USS,LiFePO4,10,9,0.90,12/05/2023
Geneverse Energy Inc.,GVB-15K-1R102-USS,LiFePO4,15,10,0.67,12/05/2023
Geneverse Energy Inc.,GVB-20K-1R102-USS,LiFePO4,20,10,0.50,12/05/2023
"GoodWe Technologies Co., Ltd.",SECU-S2.5,LiFePO4,2.56,2.88,1.13,02/02/2021
"GoodWe Technologies Co., Ltd.",SECU-S5,LiFePO4,5.12,5.76,1.13,02/02/2021
"GoodWe Technologies Co., Ltd.",SECU-S7.5,LiFePO4,7.68,8.64,1.13,02/02/2021
"GoodWe Technologies Co., Ltd.",LX F9.6-30,LiFePO4,9.6,6.72,0.70,21/10/2022
"GoodWe Technologies Co., Ltd.",SECU-S10,LiFePO4,10.24,11.52,1.13,02/02/2021
"GoodWe Technologies Co., Ltd.",LX F12.8-30,LiFePO4,12.8,8.96,0.70,21/10/2022
"GoodWe Technologies Co., Ltd.",SECU-S13,LiFePO4,12.8,14.4,1.13,02/02/2021
"GoodWe Technologies Co., Ltd.",SECU-S15,LiFePO4,15.36,17.28,1.13,02/02/2021
"GoodWe Technologies Co., Ltd.",LX F16.0-30,LiFePO4,16,11.2,0.70,21/10/2022
"GoodWe Technologies Co., Ltd.",SECU-S18,LiFePO4,17.92,20.16,1.13,02/02/2021
"GoodWe Technologies Co., Ltd.",LX F19.2-30,LiFePO4,19.2,13.44,0.70,21/10/2022
"GoodWe Technologies Co., Ltd.",SECU-S20,LiFePO4,20.48,23.04,1.13,02/02/2021
"Greensun Solar Energy Tech Co., Limited",TH-48200-W,Li-ion,9.6,4.8,0.50,14/07/2023
"Guangzhou Felicity Solar Technology Co., Ltd",EC10000,Li-ion,10.24,5,0.49,08/08/2023
GuangZhou MeriTech Power Co Ltd      ,MERITSUN LFP48V100AH,LiFePO4,5,4.8,0.96,07/07/2022
GuangZhou MeriTech Power Co Ltd      ,MERITSUN LFP51.2V100AH,LiFePO4,5,4.8,0.96,07/07/2022
"Guangzhou Sanjing Electric Co., Ltd.",B2-7.3-HV5,Li-ion,7.3,5.12,0.70,28/07/2023
"Guangzhou Sanjing Electric Co., Ltd.",B2-14.6-HV5,Li-ion,14.6,10.24,0.70,28/07/2023
"Guangzhou Sanjing Electric Co., Ltd.",B2-21.9-HV5,Li-ion,21.9,15.36,0.70,28/07/2023
HANWHA Q CELLS AMERICA INC.,Q.SAVE D10.0SX,LiFePO4,10,5.5,0.55,29/06/2022
HANWHA Q CELLS AMERICA INC.,Q.SAVE D15.0SX,LiFePO4,15,8.3,0.55,29/06/2022
HANWHA Q CELLS AMERICA INC.,Q.SAVE D20.0SX,LiFePO4,20,11.1,0.56,29/06/2022
Holu Hou Energy LLC,HH8200H-EB,Li-ion,8.2,6.4,0.78,07/05/2022
"Humless, LLC",LFP48100-P5KWH,LiFePO4,4.92,5.12,1.04,19/08/2022
"Humless, LLC",W48100B-IP65,LiFePO4,4.92,5.12,1.04,19/08/2022
"Humless, LLC",LFP48100-5KWH,LiFePO4,5.12,5.12,1.00,22/07/2020
Iron Edison Battery Company LLC,IE51100RV4,LiFePO4,5.12,5,0.98,31/10/2022
"Jinko Solar Co., Ltd",JKR-B1950-A-US,LiFePO4,19.2,17.28,0.90,01/09/2023
"KORE Power, Inc.",KORE-M1-ESR15008,Li-ion,52.08,52,1.00,11/12/2022
"KORE Power, Inc.",KORE-M1-ESR15009,Li-ion,58.59,58.5,1.00,11/12/2022
"KORE Power, Inc.",KORE-M1-ESR150010,Li-ion,65.1,65,1.00,11/12/2022
"KORE Power, Inc.",KORE-M1-ESR150011,Li-ion,71.61,71.5,1.00,11/12/2022
"KORE Power, Inc.",KORE-M1-ESR150012,Li-ion,78.12,78,1.00,11/12/2022
"KORE Power, Inc.",KORE-M1-ESR150013,Li-ion,84.63,84.5,1.00,11/12/2022
"KORE Power, Inc.",KORE-M1-ESR150014,Li-ion,91.14,91,1.00,11/12/2022
"KORE Power, Inc.",KORE-M1-ESR150015,Li-ion,97.65,97.5,1.00,11/12/2022
"KORE Power, Inc.",KORE-M1-ESR150016,Li-ion,104.16,104,1.00,11/12/2022
"KORE Power, Inc.",KORE-M1-ESR150017,Li-ion,110.7,110,0.99,11/12/2022
"KORE Power, Inc.",P1-R34SM5P10S-A,Li-ion,335,260,0.78,18/05/2023
"Kowint Energy (ShenZhen) Co.,Ltd",R5000-SS,LiFePO4,4.8,4.8,1.00,17/05/2023
"Kowint Energy (ShenZhen) Co.,Ltd",R5000-SSW,LiFePO4,4.8,4.8,1.00,17/05/2023
"Kowint Energy (ShenZhen) Co.,Ltd",S4001-SS,LiFePO4,4.8,4.8,1.00,30/06/2023
"Kowint Energy (ShenZhen) Co.,Ltd",S4001-SSW,LiFePO4,4.8,4.8,1.00,30/06/2023
"Kowint Energy (ShenZhen) Co.,Ltd",W5000-SS,LiFePO4,4.8,4.8,1.00,17/05/2023
"Kowint Energy (ShenZhen) Co.,Ltd",W5000-SSW,LiFePO4,4.8,4.8,1.00,17/05/2023
"Kowint Energy (ShenZhen) Co.,Ltd",R5000-ST,LiFePO4,5.12,5,0.98,17/05/2023
"Kowint Energy (ShenZhen) Co.,Ltd",R5000-STW,LiFePO4,5.12,5,0.98,17/05/2023
"Kowint Energy (ShenZhen) Co.,Ltd",S4001-ST,LiFePO4,5.12,5,0.98,30/06/2023
"Kowint Energy (ShenZhen) Co.,Ltd",S4001-STW,LiFePO4,5.12,5,0.98,30/06/2023
"Kowint Energy (ShenZhen) Co.,Ltd",W5000-ST,LiFePO4,5.12,5,0.98,17/05/2023
"Kowint Energy (ShenZhen) Co.,Ltd",W5000-STW,LiFePO4,5.12,5,0.98,17/05/2023
"Kowint Energy (ShenZhen) Co.,Ltd",S4002-SS,LiFePO4,9.6,9.6,1.00,30/06/2023
"Kowint Energy (ShenZhen) Co.,Ltd",S4002-SSW,LiFePO4,9.6,9.6,1.00,30/06/2023
"Kowint Energy (ShenZhen) Co.,Ltd",S4002-ST,LiFePO4,10.24,10,0.98,30/06/2023
"Kowint Energy (ShenZhen) Co.,Ltd",S4002-STW,LiFePO4,10.24,10,0.98,30/06/2023
"Kowint Energy (ShenZhen) Co.,Ltd",S4003-SS,LiFePO4,14.4,14.4,1.00,30/06/2023
"Kowint Energy (ShenZhen) Co.,Ltd",S4003-SSW,LiFePO4,14.4,14.4,1.00,30/06/2023
"Kowint Energy (ShenZhen) Co.,Ltd",S4003-ST,LiFePO4,15.36,15,0.98,30/06/2023
"Kowint Energy (ShenZhen) Co.,Ltd",S4003-STW,LiFePO4,15.36,15,0.98,30/06/2023
"Kowint Energy (ShenZhen) Co.,Ltd",S4004-SS,LiFePO4,19.2,15,0.78,30/06/2023
"Kowint Energy (ShenZhen) Co.,Ltd",S4004-SSW,LiFePO4,19.2,15,0.78,30/06/2023
"Kowint Energy (ShenZhen) Co.,Ltd",S4004-ST,LiFePO4,20.48,15,0.73,30/06/2023
"Kowint Energy (ShenZhen) Co.,Ltd",S4004-STW,LiFePO4,20.48,15,0.73,30/06/2023
"Kowint Energy (ShenZhen) Co.,Ltd",S4005-SS,LiFePO4,24,15,0.63,30/06/2023
"Kowint Energy (ShenZhen) Co.,Ltd",S4005-SSW,LiFePO4,24,15,0.63,30/06/2023
"Kowint Energy (ShenZhen) Co.,Ltd",S4005-ST,LiFePO4,25.6,15,0.59,30/06/2023
"Kowint Energy (ShenZhen) Co.,Ltd",S4005-STW,LiFePO4,25.6,15,0.59,30/06/2023
"Kowint Energy (ShenZhen) Co.,Ltd",S4006-SS,LiFePO4,28.8,15,0.52,30/06/2023
"Kowint Energy (ShenZhen) Co.,Ltd",S4006-SSW,LiFePO4,28.8,15,0.52,30/06/2023
"Kowint Energy (ShenZhen) Co.,Ltd",S4006-ST,LiFePO4,30.72,15,0.49,30/06/2023
"Kowint Energy (ShenZhen) Co.,Ltd",S4006-STW,LiFePO4,30.72,15,0.49,30/06/2023
"LG Energy Solution, Ltd.",RESU 10H Prime,Li-ion,9.6,5,0.52,09/03/2021
"LG Energy Solution, Ltd.",RESU 16H Prime,Li-ion,16,16,1.00,17/12/2020
"LG Energy Solution, Ltd.",SR22F617F_G16D1,Li-ion,110.908,110.908,1.00,02/12/2021
Liniotech,LNT051200A-B-GBP2,Li-ion,10.24,5.12,0.50,27/04/2023
Lithion Battery Inc.,CP1-LFP05120-1A01,LiFePO4,5.12,5.12,1.00,07/02/2023
Lithion Battery Inc.,PF5-LFP09600-2A01,LiFePO4,9.6,8.6,0.90,07/02/2023
Lithion Battery Inc.,PF5-LFP14400-2A01,LiFePO4,14.4,12.9,0.90,07/02/2023
Lithion Battery Inc.,PF5-LFP19200-2A01,LiFePO4,19.2,14.4,0.75,07/02/2023
Lithion Battery Inc.,PF5-LFP24000-2A01,LiFePO4,24,14.4,0.60,07/02/2023
Lithion Battery Inc.,PF5-LFP28800-2A01,LiFePO4,28.8,14.4,0.50,07/02/2023
Lithion Battery Inc.,PF5-LFP33600-2A01,LiFePO4,33.6,14.4,0.43,07/02/2023
Lithion Battery Inc.,PF5-LFP38400-2A01,LiFePO4,38.4,14.4,0.38,07/02/2023
"Oxford Intelligent Energy Co., Ltd.",eTank-10.2K/LV,LiFePO4,10.24,6.14,0.60,10/11/2023
PANASONIC CORPORATION OF NORTH AMERICA,EV-X10,LiFePO4,10,5.5,0.55,17/03/2023
PANASONIC CORPORATION OF NORTH AMERICA,EV-X15,LiFePO4,15,8.3,0.55,17/03/2023
PANASONIC CORPORATION OF NORTH AMERICA,EV-X20,LiFePO4,20,11.1,0.56,17/03/2023
PHASEGREEN TECHNOLOGY INC,PhG-ESS-5L-S,LiFePO4,5,5,1.00,14/10/2022
PHASEGREEN TECHNOLOGY INC,PhG-ESS-10L-S,LiFePO4,10,9,0.90,14/10/2022
PHASEGREEN TECHNOLOGY INC,PhG-ESS-15L-S,LiFePO4,15,10,0.67,14/10/2022
PHASEGREEN TECHNOLOGY INC,PhG-ESS-20L-S,LiFePO4,20,10,0.50,14/10/2022
Polarium Inc.,810-00046,Li-ion,4.74,6,1.27,30/12/2021
Polarium Inc.,810-00061,Li-ion,4.74,6,1.27,25/02/2022
Polarium Inc.,810-00164,Li-ion,8.55,6,0.70,16/02/2022
Polarium Inc.,SLB48-200-228-1U,Li-ion,9.67,6,0.62,06/04/2021
Power Center,DURA 5,LiFePO4,5.12,4.096,0.80,25/08/2023
"PYLON TECHNOLOGIES CO.,LTD",US3000C,LiFePO4,3.55,1.8,0.51,29/04/2022
"PYLON TECHNOLOGIES CO.,LTD",PowerCube-M1-C-32/32V-L10,LiFePO4,4.74,4.74,1.00,24/12/2021
"PYLON TECHNOLOGIES CO.,LTD",US5000,LiFePO4,4.8,4.8,1.00,13/01/2022
"PYLON TECHNOLOGIES CO.,LTD",Pelio-L-5.12,LiFePO4,5.12,4.096,0.80,25/11/2022
"PYLON TECHNOLOGIES CO.,LTD",PowerCube-M3A-180-38.4/38.4V-L10,LiFePO4,5.68,5.68,1.00,01/12/2022
"PYLON TECHNOLOGIES CO.,LTD",PowerCube-M3A-180-38.4/38.4V-L15,LiFePO4,5.68,5.68,1.00,01/12/2022
"PYLON TECHNOLOGIES CO.,LTD",PowerCube-M3A-100-38.4/38.4V-E10,LiFePO4,5.683,2.8415,0.50,19/11/2020
"PYLON TECHNOLOGIES CO.,LTD",PowerCube-M3A-100-38.4/38.4V-E15,LiFePO4,5.683,2.8415,0.50,19/11/2020
"PYLON TECHNOLOGIES CO.,LTD",Force-H1-48/96V,LiFePO4,7.1,3.55,0.50,10/03/2020
"PYLON TECHNOLOGIES CO.,LTD",PowerCube-M1-C-32/64V-L10,LiFePO4,9.47,9.47,1.00,24/12/2021
"PYLON TECHNOLOGIES CO.,LTD",Force-H1-48/144V,LiFePO4,10.66,5.33,0.50,10/03/2020
"PYLON TECHNOLOGIES CO.,LTD",PowerCube-M3A-100-38.4/76.8V-E10,LiFePO4,11.366,5.683,0.50,19/11/2020
"PYLON TECHNOLOGIES CO.,LTD",PowerCube-M3A-100-38.4/76.8V-E15,LiFePO4,11.366,5.683,0.50,19/11/2020
"PYLON TECHNOLOGIES CO.,LTD",PowerCube-M3A-180-38.4/76.8V-L10,LiFePO4,11.37,11.37,1.00,01/12/2022
"PYLON TECHNOLOGIES CO.,LTD",PowerCube-M3A-180-38.4/76.8V-L15,LiFePO4,11.37,11.37,1.00,01/12/2022
"PYLON TECHNOLOGIES CO.,LTD",Force-H1-48/192V,LiFePO4,14.21,7.1,0.50,10/03/2020
"PYLON TECHNOLOGIES CO.,LTD",PowerCube-M1-C-32/96V-L10,LiFePO4,14.21,14.21,1.00,24/12/2021
"PYLON TECHNOLOGIES CO.,LTD",Powercube-M5-180-64/64V-E15,LiFePO4,15.68,7.84,0.50,16/08/2023
"PYLON TECHNOLOGIES CO.,LTD",Powercube-M5-180-64/64V-L15,LiFePO4,15.68,7.84,0.50,16/08/2023
"PYLON TECHNOLOGIES CO.,LTD",PowerCube-M3A-100-38.4/115.2V-E10,LiFePO4,17.049,8.5245,0.50,19/11/2020
"PYLON TECHNOLOGIES CO.,LTD",PowerCube-M3A-100-38.4/115.2V-E15,LiFePO4,17.049,8.5245,0.50,19/11/2020
"PYLON TECHNOLOGIES CO.,LTD",PowerCube-M3A-180-38.4/115.2V-L10,LiFePO4,17.05,17.05,1.00,01/12/2022
"PYLON TECHNOLOGIES CO.,LTD",PowerCube-M3A-180-38.4/115.2V-L15,LiFePO4,17.05,17.05,1.00,01/12/2022
"PYLON TECHNOLOGIES CO.,LTD",Force-H1-48/240V,LiFePO4,17.76,8.88,0.50,10/03/2020
"PYLON TECHNOLOGIES CO.,LTD",PowerCube-M1-C-32/128V-L10,LiFePO4,18.94,18.94,1.00,24/12/2021
"PYLON TECHNOLOGIES CO.,LTD",Force-H1-48/288V,LiFePO4,21.31,10.66,0.50,10/03/2020
"PYLON TECHNOLOGIES CO.,LTD",PowerCube-M3A-180-38.4/153.6V-L10,LiFePO4,22.73,22.73,1.00,01/12/2022
"PYLON TECHNOLOGIES CO.,LTD",PowerCube-M3A-180-38.4/153.6V-L15,LiFePO4,22.73,22.73,1.00,01/12/2022
"PYLON TECHNOLOGIES CO.,LTD",PowerCube-M3A-100-38.4/153.6V-E10,LiFePO4,22.732,11.366,0.50,19/11/2020
"PYLON TECHNOLOGIES CO.,LTD",PowerCube-M3A-100-38.4/153.6V-E15,LiFePO4,22.732,11.366,0.50,19/11/2020
"PYLON TECHNOLOGIES CO.,LTD",PowerCube-M1-C-32/160V-L10,LiFePO4,23.68,23.68,1.00,24/12/2021
"PYLON TECHNOLOGIES CO.,LTD",Force-H1-48/336V,LiFePO4,24.86,12.43,0.50,10/03/2020
"PYLON TECHNOLOGIES CO.,LTD",PowerCube-M3A-100-38.4/192V-E10,LiFePO4,28.415,14.2075,0.50,19/11/2020
"PYLON TECHNOLOGIES CO.,LTD",PowerCube-M3A-100-38.4/192V-E15,LiFePO4,28.415,14.2075,0.50,19/11/2020
"PYLON TECHNOLOGIES CO.,LTD",Force-H1-48/384V,LiFePO4,28.42,14.21,0.50,10/03/2020
"PYLON TECHNOLOGIES CO.,LTD",PowerCube-M1-C-32/192V-L10,LiFePO4,28.42,28.42,1.00,24/12/2021
"PYLON TECHNOLOGIES CO.,LTD",PowerCube-M3A-180-38.4/192V-L10,LiFePO4,28.42,28.42,1.00,01/12/2022
"PYLON TECHNOLOGIES CO.,LTD",PowerCube-M3A-180-38.4/192V-L15,LiFePO4,28.42,28.42,1.00,01/12/2022
"PYLON TECHNOLOGIES CO.,LTD",Powercube-M5-180-64/128V-E15,LiFePO4,31.36,15.68,0.50,16/08/2023
"PYLON TECHNOLOGIES CO.,LTD",Powercube-M5-180-64/128V-L15,LiFePO4,31.36,15.68,0.50,16/08/2023
"PYLON TECHNOLOGIES CO.,LTD",PowerCube-M1-C-32/224V-L10,LiFePO4,33.15,33.15,1.00,24/12/2021
"PYLON TECHNOLOGIES CO.,LTD",PowerCube-M3A-100-38.4/230.4V-E10,LiFePO4,34.098,17.049,0.50,19/11/2020
"PYLON TECHNOLOGIES CO.,LTD",PowerCube-M3A-100-38.4/230.4V-E15,LiFePO4,34.098,17.049,0.50,19/11/2020
"PYLON TECHNOLOGIES CO.,LTD",PowerCube-M3A-180-38.4/230.4V-L10,LiFePO4,34.1,34.1,1.00,01/12/2022
"PYLON TECHNOLOGIES CO.,LTD",PowerCube-M3A-180-38.4/230.4V-L15,LiFePO4,34.1,34.1,1.00,01/12/2022
"PYLON TECHNOLOGIES CO.,LTD",PowerCube-M1-C-32/256V-J10,LiFePO4,37.89,37.89,1.00,24/12/2021
"PYLON TECHNOLOGIES CO.,LTD",PowerCube-M1-C-32/256V-L10,LiFePO4,37.89,37.89,1.00,24/12/2021
"PYLON TECHNOLOGIES CO.,LTD",PowerCube-M3A-180-38.4/268.8V-L10,LiFePO4,39.78,39.78,1.00,01/12/2022
"PYLON TECHNOLOGIES CO.,LTD",PowerCube-M3A-180-38.4/268.8V-L15,LiFePO4,39.78,39.78,1.00,01/12/2022
"PYLON TECHNOLOGIES CO.,LTD",PowerCube-M3A-100-38.4/268.8V-E10,LiFePO4,39.781,19.8905,0.50,19/11/2020
"PYLON TECHNOLOGIES CO.,LTD",PowerCube-M3A-100-38.4/268.8V-E15,LiFePO4,39.781,19.8905,0.50,19/11/2020
"PYLON TECHNOLOGIES CO.,LTD",PowerCube-M1-C-32/288V-J10,LiFePO4,42.62,42.62,1.00,24/12/2021
"PYLON TECHNOLOGIES CO.,LTD",PowerCube-M1-C-32/288V-L10,LiFePO4,42.62,42.62,1.00,24/12/2021
"PYLON TECHNOLOGIES CO.,LTD",PowerCube-M3A-100-38.4/307.2V-E10,LiFePO4,45.464,22.732,0.50,19/11/2020
"PYLON TECHNOLOGIES CO.,LTD",PowerCube-M3A-100-38.4/307.2V-E15,LiFePO4,45.464,22.732,0.50,19/11/2020
"PYLON TECHNOLOGIES CO.,LTD",PowerCube-M3A-180-38.4/307.2V-J10,LiFePO4,45.47,45.47,1.00,01/12/2022
"PYLON TECHNOLOGIES CO.,LTD",PowerCube-M3A-180-38.4/307.2V-L10,LiFePO4,45.47,45.47,1.00,01/12/2022
"PYLON TECHNOLOGIES CO.,LTD",PowerCube-M3A-180-38.4/307.2V-L15,LiFePO4,45.47,45.47,1.00,01/12/2022
"PYLON TECHNOLOGIES CO.,LTD",Powercube-M5-180-64/192V-E15,LiFePO4,47.04,23.52,0.50,16/08/2023
"PYLON TECHNOLOGIES CO.,LTD",Powercube-M5-180-64/192V-L15,LiFePO4,47.04,23.52,0.50,16/08/2023
"PYLON TECHNOLOGIES CO.,LTD",PowerCube-M1-C-32/320V-J10,LiFePO4,47.36,47.36,1.00,24/12/2021
"PYLON TECHNOLOGIES CO.,LTD",PowerCube-M1-C-32/320V-L10,LiFePO4,47.36,47.36,1.00,24/12/2021
"PYLON TECHNOLOGIES CO.,LTD",PowerCube-M3A-100-38.4/345.6V-E10,LiFePO4,51.147,25.5735,0.50,19/11/2020
"PYLON TECHNOLOGIES CO.,LTD",PowerCube-M3A-100-38.4/345.6V-E15,LiFePO4,51.147,25.5735,0.50,19/11/2020
"PYLON TECHNOLOGIES CO.,LTD",PowerCube-M3A-180-38.4/345.6V-J10,LiFePO4,51.15,51.15,1.00,01/12/2022
"PYLON TECHNOLOGIES CO.,LTD",PowerCube-M3A-180-38.4/345.6V-L10,LiFePO4,51.15,51.15,1.00,01/12/2022
"PYLON TECHNOLOGIES CO.,LTD",PowerCube-M3A-180-38.4/345.6V-L15,LiFePO4,51.15,51.15,1.00,01/12/2022
"PYLON TECHNOLOGIES CO.,LTD",PowerCube-M1-C-32/352V-J10,LiFePO4,52.1,52.1,1.00,24/12/2021
"PYLON TECHNOLOGIES CO.,LTD",PowerCube-M1-C-32/352V-L10,LiFePO4,52.1,52.1,1.00,24/12/2021
"PYLON TECHNOLOGIES CO.,LTD",PowerCube-M1-C-32/384V-J10,LiFePO4,56.83,56.83,1.00,24/12/2021
"PYLON TECHNOLOGIES CO.,LTD",PowerCube-M1-C-32/384V-L10,LiFePO4,56.83,56.83,1.00,24/12/2021
"PYLON TECHNOLOGIES CO.,LTD",PowerCube-M3A-100-38.4/384V-E10,LiFePO4,56.83,28.415,0.50,19/11/2020
"PYLON TECHNOLOGIES CO.,LTD",PowerCube-M3A-100-38.4/384V-E15,LiFePO4,56.83,28.415,0.50,19/11/2020
"PYLON TECHNOLOGIES CO.,LTD",PowerCube-M3A-180-38.4/384V-J10,LiFePO4,56.83,56.83,1.00,01/12/2022
"PYLON TECHNOLOGIES CO.,LTD",PowerCube-M3A-180-38.4/384V-L10,LiFePO4,56.83,56.83,1.00,01/12/2022
"PYLON TECHNOLOGIES CO.,LTD",PowerCube-M3A-180-38.4/384V-L15,LiFePO4,56.83,56.83,1.00,01/12/2022
"PYLON TECHNOLOGIES CO.,LTD",PowerCube-M1-C-32/416V-J10,LiFePO4,61.57,61.57,1.00,24/12/2021
"PYLON TECHNOLOGIES CO.,LTD",PowerCube-M1-C-32/416V-L10,LiFePO4,61.57,61.57,1.00,24/12/2021
"PYLON TECHNOLOGIES CO.,LTD",PowerCube-M3A-100-38.4/422.4V-E10,LiFePO4,62.513,31.2565,0.50,19/11/2020
"PYLON TECHNOLOGIES CO.,LTD",PowerCube-M3A-100-38.4/422.4V-E15,LiFePO4,62.513,31.2565,0.50,19/11/2020
"PYLON TECHNOLOGIES CO.,LTD",PowerCube-M3A-180-38.4/422.4V-J10,LiFePO4,62.52,62.52,1.00,01/12/2022
"PYLON TECHNOLOGIES CO.,LTD",PowerCube-M3A-180-38.4/422.4V-L10,LiFePO4,62.52,62.52,1.00,01/12/2022
"PYLON TECHNOLOGIES CO.,LTD",PowerCube-M3A-180-38.4/422.4V-L15,LiFePO4,62.52,62.52,1.00,01/12/2022
"PYLON TECHNOLOGIES CO.,LTD",Powercube-M5-180-64/256V-E15,LiFePO4,62.72,31.36,0.50,16/08/2023
"PYLON TECHNOLOGIES CO.,LTD",Powercube-M5-180-64/256V-L15,LiFePO4,62.72,31.36,0.50,16/08/2023
"PYLON TECHNOLOGIES CO.,LTD",PowerCube-M1-C-32/448V-J10,LiFePO4,66.3,66.3,1.00,24/12/2021
"PYLON TECHNOLOGIES CO.,LTD",PowerCube-M1-C-32/448V-L10,LiFePO4,66.3,66.3,1.00,24/12/2021
"PYLON TECHNOLOGIES CO.,LTD",PowerCube-M3A-100-38.4/460.8V-E10,LiFePO4,68.196,34.098,0.50,19/11/2020
"PYLON TECHNOLOGIES CO.,LTD",PowerCube-M3A-100-38.4/460.8V-E15,LiFePO4,68.196,34.098,0.50,19/11/2020
"PYLON TECHNOLOGIES CO.,LTD",PowerCube-M3A-180-38.4/460.8V-J10,LiFePO4,68.2,68.2,1.00,01/12/2022
"PYLON TECHNOLOGIES CO.,LTD",PowerCube-M3A-180-38.4/460.8V-L10,LiFePO4,68.2,68.2,1.00,01/12/2022
"PYLON TECHNOLOGIES CO.,LTD",PowerCube-M3A-180-38.4/460.8V-L15,LiFePO4,68.2,68.2,1.00,01/12/2022
"PYLON TECHNOLOGIES CO.,LTD",PowerCube-M1-C-32/480V-J10,LiFePO4,71.04,71.04,1.00,24/12/2021
"PYLON TECHNOLOGIES CO.,LTD",PowerCube-M1-C-32/480V-L10,LiFePO4,71.04,71.04,1.00,24/12/2021
"PYLON TECHNOLOGIES CO.,LTD",PowerCube-M3A-100-38.4/499.2V-E10,LiFePO4,73.879,36.9395,0.50,19/11/2020
"PYLON TECHNOLOGIES CO.,LTD",PowerCube-M3A-100-38.4/499.2V-E15,LiFePO4,73.879,36.9395,0.50,19/11/2020
"PYLON TECHNOLOGIES CO.,LTD",PowerCube-M3A-180-38.4/499.2V-J10,LiFePO4,73.88,73.88,1.00,01/12/2022
"PYLON TECHNOLOGIES CO.,LTD",PowerCube-M3A-180-38.4/499.2V-L10,LiFePO4,73.88,73.88,1.00,01/12/2022
"PYLON TECHNOLOGIES CO.,LTD",PowerCube-M3A-180-38.4/499.2V-L15,LiFePO4,73.88,73.88,1.00,01/12/2022
"PYLON TECHNOLOGIES CO.,LTD",PowerCube-M1-C-32/512V-J10,LiFePO4,75.78,75.78,1.00,24/12/2021
"PYLON TECHNOLOGIES CO.,LTD",PowerCube-M1-C-32/512V-L10,LiFePO4,75.78,75.78,1.00,24/12/2021
"PYLON TECHNOLOGIES CO.,LTD",Powercube-M5-180-64/320V-E15,LiFePO4,78.4,39.2,0.50,16/08/2023
"PYLON TECHNOLOGIES CO.,LTD",Powercube-M5-180-64/320V-L15,LiFePO4,78.4,39.2,0.50,16/08/2023
"PYLON TECHNOLOGIES CO.,LTD",PowerCube-M3A-180-38.4/537.6V-J10,LiFePO4,79.56,79.56,1.00,01/12/2022
"PYLON TECHNOLOGIES CO.,LTD",PowerCube-M3A-180-38.4/537.6V-L10,LiFePO4,79.56,79.56,1.00,01/12/2022
"PYLON TECHNOLOGIES CO.,LTD",PowerCube-M3A-180-38.4/537.6V-L15,LiFePO4,79.56,79.56,1.00,01/12/2022
"PYLON TECHNOLOGIES CO.,LTD",PowerCube-M3A-100-38.4/537.6V-E10,LiFePO4,79.562,39.781,0.50,19/11/2020
"PYLON TECHNOLOGIES CO.,LTD",PowerCube-M3A-100-38.4/537.6V-E15,LiFePO4,79.562,39.781,0.50,19/11/2020
"PYLON TECHNOLOGIES CO.,LTD",PowerCube-M1-C-32/544V-J10,LiFePO4,80.51,80.51,1.00,24/12/2021
"PYLON TECHNOLOGIES CO.,LTD",PowerCube-M1-C-32/544V-L10,LiFePO4,80.51,80.51,1.00,24/12/2021
"PYLON TECHNOLOGIES CO.,LTD",PowerCube-M3A-100-38.4/576V-E10,LiFePO4,85.245,42.6225,0.50,19/11/2020
"PYLON TECHNOLOGIES CO.,LTD",PowerCube-M3A-100-38.4/576V-E15,LiFePO4,85.245,42.6225,0.50,19/11/2020
"PYLON TECHNOLOGIES CO.,LTD",PowerCube-M1-C-32/576V-J10,LiFePO4,85.25,85.25,1.00,24/12/2021
"PYLON TECHNOLOGIES CO.,LTD",PowerCube-M1-C-32/576V-L10,LiFePO4,85.25,85.25,1.00,24/12/2021
"PYLON TECHNOLOGIES CO.,LTD",PowerCube-M3A-180-38.4/576V-J10,LiFePO4,85.25,85.25,1.00,01/12/2022
"PYLON TECHNOLOGIES CO.,LTD",PowerCube-M3A-180-38.4/576V-L10,LiFePO4,85.25,85.25,1.00,01/12/2022
"PYLON TECHNOLOGIES CO.,LTD",PowerCube-M3A-180-38.4/576V-L15,LiFePO4,85.25,85.25,1.00,01/12/2022
"PYLON TECHNOLOGIES CO.,LTD",PowerCube-M1-C-32/608V-J10,LiFePO4,89.98,89.98,1.00,24/12/2021
"PYLON TECHNOLOGIES CO.,LTD",PowerCube-M1-C-32/608V-L10,LiFePO4,89.98,89.98,1.00,24/12/2021
"PYLON TECHNOLOGIES CO.,LTD",PowerCube-M3A-100-38.4/614.4V-E10,LiFePO4,90.928,45.464,0.50,19/11/2020
"PYLON TECHNOLOGIES CO.,LTD",PowerCube-M3A-100-38.4/614.4V-E15,LiFePO4,90.928,45.464,0.50,19/11/2020
"PYLON TECHNOLOGIES CO.,LTD",PowerCube-M3A-180-38.4/614.4V-J10,LiFePO4,90.93,90.93,1.00,01/12/2022
"PYLON TECHNOLOGIES CO.,LTD",PowerCube-M3A-180-38.4/614.4V-L10,LiFePO4,90.93,90.93,1.00,01/12/2022
"PYLON TECHNOLOGIES CO.,LTD",PowerCube-M3A-180-38.4/614.4V-L15,LiFePO4,90.93,90.93,1.00,01/12/2022
"PYLON TECHNOLOGIES CO.,LTD",Powercube-M5-180-64/384V-E15,LiFePO4,94.08,47.04,0.50,16/08/2023
"PYLON TECHNOLOGIES CO.,LTD",Powercube-M5-180-64/384V-L15,LiFePO4,94.08,47.04,0.50,16/08/2023
"PYLON TECHNOLOGIES CO.,LTD",PowerCube-M1-C-32/640V-J10,LiFePO4,94.72,94.72,1.00,24/12/2021
"PYLON TECHNOLOGIES CO.,LTD",PowerCube-M1-C-32/640V-L10,LiFePO4,94.72,94.72,1.00,24/12/2021
"PYLON TECHNOLOGIES CO.,LTD",PowerCube-M3A-180-38.4/652.8V-J10,LiFePO4,96.61,96.61,1.00,01/12/2022
"PYLON TECHNOLOGIES CO.,LTD",PowerCube-M3A-180-38.4/652.8V-L10,LiFePO4,96.61,96.61,1.00,01/12/2022
"PYLON TECHNOLOGIES CO.,LTD",PowerCube-M3A-180-38.4/652.8V-L15,LiFePO4,96.61,96.61,1.00,01/12/2022
"PYLON TECHNOLOGIES CO.,LTD",PowerCube-M3A-100-38.4/652.8V-E10,LiFePO4,96.611,48.3055,0.50,19/11/2020
"PYLON TECHNOLOGIES CO.,LTD",PowerCube-M3A-100-38.4/652.8V-E15,LiFePO4,96.611,48.3055,0.50,19/11/2020
"PYLON TECHNOLOGIES CO.,LTD",PowerCube-M1-C-32/672V-J10,LiFePO4,99.46,99.46,1.00,24/12/2021
"PYLON TECHNOLOGIES CO.,LTD",PowerCube-M1-C-32/672V-L10,LiFePO4,99.46,99.46,1.00,24/12/2021
"PYLON TECHNOLOGIES CO.,LTD",PowerCube-M3A-100-38.4/691.2V-E10,LiFePO4,102.294,51.147,0.50,19/11/2020
"PYLON TECHNOLOGIES CO.,LTD",PowerCube-M3A-100-38.4/691.2V-E15,LiFePO4,102.294,51.147,0.50,19/11/2020
"PYLON TECHNOLOGIES CO.,LTD",PowerCube-M3A-180-38.4/691.2V-J10,LiFePO4,102.3,102.3,1.00,01/12/2022
"PYLON TECHNOLOGIES CO.,LTD",PowerCube-M3A-180-38.4/691.2V-L10,LiFePO4,102.3,102.3,1.00,01/12/2022
"PYLON TECHNOLOGIES CO.,LTD",PowerCube-M3A-180-38.4/691.2V-L15,LiFePO4,102.3,102.3,1.00,01/12/2022
"PYLON TECHNOLOGIES CO.,LTD",PowerCube-M1-C-32/704V-J10,LiFePO4,104.19,104.19,1.00,24/12/2021
"PYLON TECHNOLOGIES CO.,LTD",PowerCube-M1-C-32/704V-L10,LiFePO4,104.19,104.19,1.00,24/12/2021
"PYLON TECHNOLOGIES CO.,LTD",PowerCube-M3A-100-38.4/729.6V-E10,LiFePO4,107.977,53.9885,0.50,19/11/2020
"PYLON TECHNOLOGIES CO.,LTD",PowerCube-M3A-100-38.4/729.6V-E15,LiFePO4,107.977,53.9885,0.50,19/11/2020
"PYLON TECHNOLOGIES CO.,LTD",PowerCube-M3A-180-38.4/729.6V-J10,LiFePO4,107.98,107.98,1.00,01/12/2022
"PYLON TECHNOLOGIES CO.,LTD",PowerCube-M3A-180-38.4/729.6V-L10,LiFePO4,107.98,107.98,1.00,01/12/2022
"PYLON TECHNOLOGIES CO.,LTD",PowerCube-M3A-180-38.4/729.6V-L15,LiFePO4,107.98,107.98,1.00,01/12/2022
"PYLON TECHNOLOGIES CO.,LTD",PowerCube-M1-C-32/736V-J10,LiFePO4,108.93,108.93,1.00,24/12/2021
"PYLON TECHNOLOGIES CO.,LTD",PowerCube-M1-C-32/736V-L10,LiFePO4,108.93,108.93,1.00,24/12/2021
"PYLON TECHNOLOGIES CO.,LTD",Powercube-M5-180-64/448V-E15,LiFePO4,109.76,54.88,0.50,16/08/2023
"PYLON TECHNOLOGIES CO.,LTD",Powercube-M5-180-64/448V-L15,LiFePO4,109.76,54.88,0.50,16/08/2023
"PYLON TECHNOLOGIES CO.,LTD",PowerCube-M1-C-32/768V-J10,LiFePO4,113.66,113.66,1.00,24/12/2021
"PYLON TECHNOLOGIES CO.,LTD",PowerCube-M1-C-32/768V-L10,LiFePO4,113.66,113.66,1.00,24/12/2021
"PYLON TECHNOLOGIES CO.,LTD",PowerCube-M3A-100-38.4/768V-E10,LiFePO4,113.66,56.83,0.50,19/11/2020
"PYLON TECHNOLOGIES CO.,LTD",PowerCube-M3A-100-38.4/768V-E15,LiFePO4,113.66,56.83,0.50,19/11/2020
"PYLON TECHNOLOGIES CO.,LTD",PowerCube-M3A-180-38.4/768V-J10,LiFePO4,113.66,113.66,1.00,01/12/2022
"PYLON TECHNOLOGIES CO.,LTD",PowerCube-M3A-180-38.4/768V-L10,LiFePO4,113.66,113.66,1.00,01/12/2022
"PYLON TECHNOLOGIES CO.,LTD",PowerCube-M3A-180-38.4/768V-L15,LiFePO4,113.66,113.66,1.00,01/12/2022
"PYLON TECHNOLOGIES CO.,LTD",PowerCube-M1-C-32/800V-J10,LiFePO4,118.4,118.4,1.00,24/12/2021
"PYLON TECHNOLOGIES CO.,LTD",PowerCube-M1-C-32/800V-L10,LiFePO4,118.4,118.4,1.00,24/12/2021
"PYLON TECHNOLOGIES CO.,LTD",PowerCube-M3A-100-38.4/806.4V-E10,LiFePO4,119.343,59.6715,0.50,19/11/2020
"PYLON TECHNOLOGIES CO.,LTD",PowerCube-M3A-100-38.4/806.4V-E15,LiFePO4,119.343,59.6715,0.50,19/11/2020
"PYLON TECHNOLOGIES CO.,LTD",PowerCube-M3A-180-38.4/806.4V-J10,LiFePO4,119.35,119.35,1.00,01/12/2022
"PYLON TECHNOLOGIES CO.,LTD",PowerCube-M3A-180-38.4/806.4V-L10,LiFePO4,119.35,119.35,1.00,01/12/2022
"PYLON TECHNOLOGIES CO.,LTD",PowerCube-M3A-180-38.4/806.4V-L15,LiFePO4,119.35,119.35,1.00,01/12/2022
"PYLON TECHNOLOGIES CO.,LTD",PowerCube-M1-C-32/832V-J10,LiFePO4,123.14,123.14,1.00,24/12/2021
"PYLON TECHNOLOGIES CO.,LTD",PowerCube-M1-C-32/832V-L10,LiFePO4,123.14,123.14,1.00,24/12/2021
"PYLON TECHNOLOGIES CO.,LTD",PowerCube-M3A-100-38.4/844.8V-E10,LiFePO4,125.026,62.513,0.50,19/11/2020
"PYLON TECHNOLOGIES CO.,LTD",PowerCube-M3A-100-38.4/844.8V-E15,LiFePO4,125.026,62.513,0.50,19/11/2020
"PYLON TECHNOLOGIES CO.,LTD",PowerCube-M3A-180-38.4/844.8V-J10,LiFePO4,125.03,125.03,1.00,01/12/2022
"PYLON TECHNOLOGIES CO.,LTD",PowerCube-M3A-180-38.4/844.8V-L10,LiFePO4,125.03,125.03,1.00,01/12/2022
"PYLON TECHNOLOGIES CO.,LTD",PowerCube-M3A-180-38.4/844.8V-L15,LiFePO4,125.03,125.03,1.00,01/12/2022
"PYLON TECHNOLOGIES CO.,LTD",Powercube-M5-180-64/512V-E15,LiFePO4,125.44,62.72,0.50,16/08/2023
"PYLON TECHNOLOGIES CO.,LTD",Powercube-M5-180-64/512V-L15,LiFePO4,125.44,62.72,0.50,16/08/2023
"PYLON TECHNOLOGIES CO.,LTD",PowerCube-M1-C-32/864V-J10,LiFePO4,127.87,127.87,1.00,24/12/2021
"PYLON TECHNOLOGIES CO.,LTD",PowerCube-M1-C-32/864V-L10,LiFePO4,127.87,127.87,1.00,24/12/2021
"PYLON TECHNOLOGIES CO.,LTD",PowerCube-M3A-100-38.4/883.2V-E10,LiFePO4,130.709,65.3545,0.50,19/11/2020
"PYLON TECHNOLOGIES CO.,LTD",PowerCube-M3A-100-38.4/883.2V-E15,LiFePO4,130.709,65.3545,0.50,19/11/2020
"PYLON TECHNOLOGIES CO.,LTD",PowerCube-M3A-180-38.4/883.2V-J10,LiFePO4,130.71,130.71,1.00,01/12/2022
"PYLON TECHNOLOGIES CO.,LTD",PowerCube-M3A-180-38.4/883.2V-L10,LiFePO4,130.71,130.71,1.00,01/12/2022
"PYLON TECHNOLOGIES CO.,LTD",PowerCube-M3A-180-38.4/883.2V-L15,LiFePO4,130.71,130.71,1.00,01/12/2022
"PYLON TECHNOLOGIES CO.,LTD",PowerCube-M3A-100-38.4/921.6V-E15,LiFePO4,136.392,68.196,0.50,19/11/2020
"PYLON TECHNOLOGIES CO.,LTD",PowerCube-M3A-180-38.4/921.6V-L15,LiFePO4,136.4,136.4,1.00,01/12/2022
"PYLON TECHNOLOGIES CO.,LTD",Powercube-M5-180-64/576V-E15,LiFePO4,141.12,70.56,0.50,16/08/2023
"PYLON TECHNOLOGIES CO.,LTD",Powercube-M5-180-64/576V-L15,LiFePO4,141.12,70.56,0.50,16/08/2023
"PYLON TECHNOLOGIES CO.,LTD",PowerCube-M3A-100-38.4/960V-E15,LiFePO4,142.075,71.0375,0.50,19/11/2020
"PYLON TECHNOLOGIES CO.,LTD",PowerCube-M3A-180-38.4/960V-L15,LiFePO4,142.08,142.08,1.00,01/12/2022
"PYLON TECHNOLOGIES CO.,LTD",PowerCube-M3A-100-38.4/998.4V-E15,LiFePO4,147.758,73.879,0.50,19/11/2020
"PYLON TECHNOLOGIES CO.,LTD",PowerCube-M3A-180-38.4/998.4V-L15,LiFePO4,147.76,147.76,1.00,01/12/2022
"PYLON TECHNOLOGIES CO.,LTD",PowerCube-M3A-100-38.4/1036.8V-E15,LiFePO4,153.441,76.7205,0.50,19/11/2020
"PYLON TECHNOLOGIES CO.,LTD",PowerCube-M3A-180-38.4/1036.8V-L15,LiFePO4,153.45,153.45,1.00,01/12/2022
"PYLON TECHNOLOGIES CO.,LTD",Powercube-M5-180-64/640V-E15,LiFePO4,156.8,78.4,0.50,16/08/2023
"PYLON TECHNOLOGIES CO.,LTD",Powercube-M5-180-64/640V-L15,LiFePO4,156.8,78.4,0.50,16/08/2023
"PYLON TECHNOLOGIES CO.,LTD",PowerCube-M3A-100-38.4/1075.2V-E15,LiFePO4,159.124,79.562,0.50,19/11/2020
"PYLON TECHNOLOGIES CO.,LTD",PowerCube-M3A-180-38.4/1075.2V-L15,LiFePO4,159.13,159.13,1.00,01/12/2022
"PYLON TECHNOLOGIES CO.,LTD",PowerCube-M3A-100-38.4/1113.6V-E15,LiFePO4,164.807,82.4035,0.50,19/11/2020
"PYLON TECHNOLOGIES CO.,LTD",PowerCube-M3A-180-38.4/1113.6V-L15,LiFePO4,164.81,164.81,1.00,01/12/2022
"PYLON TECHNOLOGIES CO.,LTD",PowerCube-M3A-100-38.4/1152V-E15,LiFePO4,170.49,85.245,0.50,19/11/2020
"PYLON TECHNOLOGIES CO.,LTD",PowerCube-M3A-180-38.4/1152V-L15,LiFePO4,170.5,170.5,1.00,01/12/2022
"PYLON TECHNOLOGIES CO.,LTD",Powercube-M5-180-64/704V-E15,LiFePO4,172.48,86.24,0.50,16/08/2023
"PYLON TECHNOLOGIES CO.,LTD",Powercube-M5-180-64/704V-L15,LiFePO4,172.48,86.24,0.50,16/08/2023
"PYLON TECHNOLOGIES CO.,LTD",PowerCube-M3A-100-38.4/1190.4V-E15,LiFePO4,176.173,88.0865,0.50,19/11/2020
"PYLON TECHNOLOGIES CO.,LTD",PowerCube-M3A-180-38.4/1190.4V-L15,LiFePO4,176.18,176.18,1.00,01/12/2022
"PYLON TECHNOLOGIES CO.,LTD",PowerCube-M3A-100-38.4/1228.8V-E15,LiFePO4,181.856,90.928,0.50,19/11/2020
"PYLON TECHNOLOGIES CO.,LTD",PowerCube-M3A-180-38.4/1228.8V-L15,LiFePO4,181.86,181.86,1.00,01/12/2022
"PYLON TECHNOLOGIES CO.,LTD",PowerCube-M3A-100-38.4/1267.2V-E15,LiFePO4,187.539,93.7695,0.50,19/11/2020
"PYLON TECHNOLOGIES CO.,LTD",PowerCube-M3A-180-38.4/1267.2V-L15,LiFePO4,187.55,187.55,1.00,01/12/2022
"PYLON TECHNOLOGIES CO.,LTD",Powercube-M5-180-64/768V-E15,LiFePO4,188.16,94.08,0.50,16/08/2023
"PYLON TECHNOLOGIES CO.,LTD",Powercube-M5-180-64/768V-L15,LiFePO4,188.16,94.08,0.50,16/08/2023
"PYLON TECHNOLOGIES CO.,LTD",PowerCube-M3A-100-38.4/1305.6V-E15,LiFePO4,193.222,96.611,0.50,19/11/2020
"PYLON TECHNOLOGIES CO.,LTD",PowerCube-M3A-180-38.4/1305.6V-L15,LiFePO4,193.23,193.23,1.00,01/12/2022
"PYLON TECHNOLOGIES CO.,LTD",Powercube-M5-180-64/832V-E15,LiFePO4,203.84,101.92,0.50,16/08/2023
"PYLON TECHNOLOGIES CO.,LTD",Powercube-M5-180-64/832V-L15,LiFePO4,203.84,101.92,0.50,16/08/2023
"PYLON TECHNOLOGIES CO.,LTD",Powercube-M5-180-64/896V-E15,LiFePO4,219.52,109.76,0.50,16/08/2023
"PYLON TECHNOLOGIES CO.,LTD",Powercube-M5-180-64/896V-L15,LiFePO4,219.52,109.76,0.50,16/08/2023
"PYLON TECHNOLOGIES CO.,LTD",Powercube-M5-180-64/960V-E15,LiFePO4,235.2,117.6,0.50,16/08/2023
"PYLON TECHNOLOGIES CO.,LTD",Powercube-M5-180-64/960V-L15,LiFePO4,235.2,117.6,0.50,16/08/2023
"PYLON TECHNOLOGIES CO.,LTD",Powercube-M5-180-64/1024V-E15,LiFePO4,250.88,125.44,0.50,16/08/2023
"PYLON TECHNOLOGIES CO.,LTD",Powercube-M5-180-64/1024V-L15,LiFePO4,250.88,125.44,0.50,16/08/2023
"PYLON TECHNOLOGIES CO.,LTD",Powercube-M5-180-64/1088V-E15,LiFePO4,266.56,133.28,0.50,16/08/2023
"PYLON TECHNOLOGIES CO.,LTD",Powercube-M5-180-64/1088V-L15,LiFePO4,266.56,133.28,0.50,16/08/2023
"PYLON TECHNOLOGIES CO.,LTD",Powercube-M5-180-64/1152V-E15,LiFePO4,282.24,141.12,0.50,16/08/2023
"PYLON TECHNOLOGIES CO.,LTD",Powercube-M5-180-64/1152V-L15,LiFePO4,282.24,141.12,0.50,16/08/2023
"PYLON TECHNOLOGIES CO.,LTD",Powercube-M5-180-64/1216V-E15,LiFePO4,297.92,148.96,0.50,16/08/2023
"PYLON TECHNOLOGIES CO.,LTD",Powercube-M5-180-64/1216V-L15,LiFePO4,297.92,148.96,0.50,16/08/2023
"PYLON TECHNOLOGIES CO.,LTD",Powercube-M5-180-64/1280V-E15,LiFePO4,313.6,156.8,0.50,16/08/2023
"PYLON TECHNOLOGIES CO.,LTD",Powercube-M5-180-64/1280V-L15,LiFePO4,313.6,156.8,0.50,16/08/2023
"PYLON TECHNOLOGIES CO.,LTD",Powercube-M5-180-64/1344V-E15,LiFePO4,329.28,164.64,0.50,16/08/2023
"PYLON TECHNOLOGIES CO.,LTD",Powercube-M5-180-64/1344V-L15,LiFePO4,329.28,164.64,0.50,16/08/2023
Renon Power Technology Inc,R-EB005151,LiFePO4,4.8,4.8,1.00,17/05/2023
Renon Power Technology Inc,R-EB005151-H,LiFePO4,4.8,4.8,1.00,17/05/2023
Renon Power Technology Inc,R-XC005151,LiFePO4,4.8,4.8,1.00,17/05/2023
Renon Power Technology Inc,R-XC005151-H,LiFePO4,4.8,4.8,1.00,17/05/2023
Renon Power Technology Inc,R-XL004011,LiFePO4,4.8,4.8,1.00,14/03/2023
Renon Power Technology Inc,R-XL004011-H,LiFePO4,4.8,4.8,1.00,14/03/2023
Renon Power Technology Inc,R-EB005161,LiFePO4,5.12,5,0.98,17/05/2023
Renon Power Technology Inc,R-EB005161-H,LiFePO4,5.12,5,0.98,17/05/2023
Renon Power Technology Inc,R-XC005161,LiFePO4,5.12,5,0.98,17/05/2023
Renon Power Technology Inc,R-XC005161-H,LiFePO4,5.12,5,0.98,17/05/2023
Renon Power Technology Inc,R-XL005011,LiFePO4,5.12,5,0.98,14/03/2023
Renon Power Technology Inc,R-XL005011-H,LiFePO4,5.12,5,0.98,14/03/2023
Renon Power Technology Inc,R-XL009021,LiFePO4,9.6,9.6,1.00,14/03/2023
Renon Power Technology Inc,R-XL009021-H,LiFePO4,9.6,9.6,1.00,14/03/2023
Renon Power Technology Inc,R-XL010021,LiFePO4,10.24,10,0.98,14/03/2023
Renon Power Technology Inc,R-XL010021-H,LiFePO4,10.24,10,0.98,14/03/2023
Renon Power Technology Inc,R-XL014031,LiFePO4,14.4,14.4,1.00,14/03/2023
Renon Power Technology Inc,R-XL014031-H,LiFePO4,14.4,14.4,1.00,14/03/2023
Renon Power Technology Inc,R-XL015031,LiFePO4,15.36,15,0.98,14/03/2023
Renon Power Technology Inc,R-XL015031-H,LiFePO4,15.36,15,0.98,14/03/2023
Renon Power Technology Inc,R-XL019041,LiFePO4,19.2,14.4,0.75,14/03/2023
Renon Power Technology Inc,R-XL019041-H,LiFePO4,19.2,14.4,0.75,14/03/2023
Renon Power Technology Inc,R-XL020041,LiFePO4,20.48,15,0.73,14/03/2023
Renon Power Technology Inc,R-XL020041-H,LiFePO4,20.48,15,0.73,14/03/2023
Renon Power Technology Inc,R-XL024051,LiFePO4,24,14.4,0.60,14/03/2023
Renon Power Technology Inc,R-XL024051-H,LiFePO4,24,14.4,0.60,14/03/2023
Renon Power Technology Inc,R-XL025051,LiFePO4,25.6,15,0.59,14/03/2023
Renon Power Technology Inc,R-XL025051-H,LiFePO4,25.6,15,0.59,14/03/2023
Renon Power Technology Inc,R-XL028061,LiFePO4,28.8,14.4,0.50,14/03/2023
Renon Power Technology Inc,R-XL028061-H,LiFePO4,28.8,14.4,0.50,14/03/2023
Renon Power Technology Inc,R-XL030061,LiFePO4,30.72,15,0.49,14/03/2023
Renon Power Technology Inc,R-XL030061-H,LiFePO4,30.72,15,0.49,14/03/2023
RNG International Inc,RES0505BS-51LFP,LiFePO4,5,5,1.00,14/09/2022
RNG International Inc,RES1009BS-51LFP,LiFePO4,10,9,0.90,14/09/2022
RNG International Inc,RES1510BS-51LFP,LiFePO4,15,10,0.67,14/09/2022
RNG International Inc,RES2010BS-51LFP,LiFePO4,20,10,0.50,14/09/2022
Schneider Electric IT Corporation,BAT-10,LiFePO4,10.56,8.1,0.77,21/07/2023
Schneider Electric IT Corporation,BAT10K1,LiFePO4,10.56,8.1,0.77,21/07/2023
"ShanDong Sacred Sun Power Sources Co., Ltd",FCIFP48100A,LiFePO4,4.8,3.5,0.73,24/03/2021
"ShanDong Sacred Sun Power Sources Co., Ltd",SSIF2P15S48100C,LiFePO4,4.8,3.5,0.73,24/03/2021
"Shanghai PYTES Energy Co., Ltd.",E-BOX 48100R,Li-ion,5.12,2.56,0.50,12/01/2022
"Shanghai PYTES Energy Co., Ltd.",V5°,LiFePO4,5.12,3.84,0.75,21/09/2023
"Shanghai PYTES Energy Co., Ltd.",V5°α,LiFePO4,5.12,3.84,0.75,21/09/2023
"Shenzhen BYD Electronics Co., Ltd.",HVL 12.0,LiFePO4,12,7.5,0.63,12/11/2020
"Shenzhen BYD Electronics Co., Ltd.",HVL 16.0,LiFePO4,16,10,0.63,12/11/2020
"Shenzhen BYD Electronics Co., Ltd.",HVL 20.0,LiFePO4,20,12.5,0.63,12/11/2020
"Shenzhen BYD Electronics Co., Ltd.",HVL 24.0,LiFePO4,24,15,0.63,12/11/2020
"Shenzhen BYD Electronics Co., Ltd.",HVL 28.0,LiFePO4,28,17.5,0.63,12/11/2020
"Shenzhen BYD Electronics Co., Ltd.",HVL 32.0,LiFePO4,32,20,0.63,12/11/2020
Shenzhen BYD Lithium Battery Company Limited,Battery-BOX H 5.0,LiFePO4,5.12,5.12,1.00,21/12/2018
Shenzhen BYD Lithium Battery Company Limited,Battery-BOX H 7.5,LiFePO4,7.68,7.68,1.00,21/12/2018
Shenzhen BYD Lithium Battery Company Limited,Battery-BOX H 10.0,LiFePO4,10.24,10.24,1.00,21/12/2018
"Shenzhen Growatt New Energy Co., Ltd",APX 5.0P-S0-US,LiFePO4,5,5,1.00,01/06/2023
"Shenzhen Growatt New Energy Co., Ltd",APX 10.0P-S0-US,LiFePO4,10,10,1.00,01/06/2023
"Shenzhen Growatt New Energy Co., Ltd",APX 15.0P-S0-US,LiFePO4,15,15,1.00,01/06/2023
"Shenzhen Growatt New Energy Co., Ltd",APX 20.0P-S0-US,LiFePO4,20,20,1.00,01/06/2023
"Shenzhen Growatt New Energy Co., Ltd",APX 25.0P-S0-US,LiFePO4,25,25,1.00,01/06/2023
"Shenzhen Growatt New Energy Co., Ltd",APX 30.0P-S0-US,LiFePO4,30,30,1.00,01/06/2023
"Shenzhen Growatt New Energy Technology Co., Ltd",ARO 6.6H-C1-US,LiFePO4,6.6,3.5,0.53,27/11/2020
"Shenzhen Growatt New Energy Technology Co., Ltd",ARO 9.9H-C1-US,LiFePO4,9.9,5.2,0.53,27/11/2020
"Shenzhen Growatt New Energy Technology Co., Ltd",ARO 13.2H-C1-US,LiFePO4,13.2,5.2,0.39,27/11/2020
"Shenzhen Growatt New Energy Technology Co., Ltd",ARO 16.5H-C1-US,LiFePO4,16.5,5.2,0.32,27/11/2020
"Shenzhen Growatt New Energy Technology Co., Ltd",ARO 19.8H-C1-US,LiFePO4,19.8,5.2,0.26,27/11/2020
"Shenzhen GSL Energy Co., Ltd.",GSL051200A-B-GBP2,Li-ion,10.24,5.12,0.50,28/09/2022
"Shenzhen GSL Energy Co., Ltd.",GSL051280A-B-GBP2,LiFePO4,14.34,7.68,0.54,10/10/2022
Shenzhen UZ Energy Limited,L051100-B,LiFePO4,5.12,5.12,1.00,14/03/2023
Shenzhen UZ Energy Limited,PLPA-L1-10K2,LiFePO4,10.24,6.14,0.60,07/11/2023
"SimpliPhi Power, Inc.",AmpliPHI3.8-48,LiFePO4,3.8,1.9,0.50,04/06/2022
"SimpliPhi Power, Inc.",PHI3.8 24V 60 VTE BRK,LiFePO4,3.8,1.9,0.50,11/08/2020
"SimpliPhi Power, Inc.",PHI3.8 48V 60 VTE BRK,LiFePO4,3.8,1.9,0.50,11/08/2020
"SimpliPhi Power, Inc.",SPHI-B-4.9,LiFePO4,4.9,2.48,0.51,04/06/2022
SolarEdge Technologies Ltd.,BAT-10K1P,Li-ion,9.7,5,0.52,17/06/2021
"SolaX Power Network Technology (Zhe jiang) Co., Ltd.",T-BAT H 10.0,LiFePO4,10,5.5,0.55,13/04/2022
"SolaX Power Network Technology (Zhe jiang) Co., Ltd.",T-BAT H 15.0,LiFePO4,15,8.3,0.55,13/04/2022
"SolaX Power Network Technology (Zhe jiang) Co., Ltd.",T-BAT H 20.0,LiFePO4,20,11.1,0.56,13/04/2022
"Soluna(Shanghai)Co.,Ltd",Soluna 6K Pack HV(L-E),Li-ion,6,6,1.00,16/10/2023
"Soluna(Shanghai)Co.,Ltd",Soluna 10K Pack HV(L-E),Li-ion,10,10,1.00,16/10/2023
"Soluna(Shanghai)Co.,Ltd",Soluna 15K Pack HV(L-E),Li-ion,15,15,1.00,16/10/2023
"StackRack Battery Systems, LLC",SR5K-UL,LiFePO4,5.12,2.56,0.50,04/01/2023
Storz Power LLC,SP5.12-LFPv4,LiFePO4,5.12,5.12,1.00,22/07/2020
"Sunwoda Energy Technology Co., Ltd.",Atrix-5,LiFePO4,5,5,1.00,02/02/2023
"Sunwoda Energy Technology Co., Ltd.","B051100P
02",LiFePO4,5,5,1.00,02/02/2023
"Sunwoda Energy Technology Co., Ltd.",SunESS-5,LiFePO4,5,5,1.00,02/02/2023
"Sunwoda Energy Technology Co., Ltd.",Atrix-10,LiFePO4,10,9,0.90,02/02/2023
"Sunwoda Energy Technology Co., Ltd.",SunESS-10,LiFePO4,10,9,0.90,02/02/2023
"Sunwoda Energy Technology Co., Ltd.",Atrix-15,LiFePO4,15,10,0.67,02/02/2023
"Sunwoda Energy Technology Co., Ltd.",SunESS-15,LiFePO4,15,10,0.67,02/02/2023
"Sunwoda Energy Technology Co., Ltd.",Atrix-20,LiFePO4,20,10,0.50,02/02/2023
"Sunwoda Energy Technology Co., Ltd.",SunESS-20,LiFePO4,20,10,0.50,02/02/2023
"Tigo Energy, Inc",TSB-7-US,LiFePO4,6.6,3.5,0.53,08/11/2021
"Tigo Energy, Inc",TSB-10-US,LiFePO4,9.9,5.2,0.53,08/11/2021
"Tigo Energy, Inc",TSB-14-US,LiFePO4,13.2,5.2,0.39,08/11/2021
"Tigo Energy, Inc",TSB-17-US,LiFePO4,16.5,5.2,0.32,08/11/2021
"Tigo Energy, Inc",TSB-20-US,LiFePO4,19.8,5.2,0.26,08/11/2021
TROES Corp.,TR-S138-6P9,LiFePO4,55.3,55.3,1.00,26/01/2022
TROES Corp.,TR-S138-7P9,LiFePO4,64.51,64.51,1.00,26/01/2022
TROES Corp.,TR-S138-8P9,LiFePO4,73.73,73.73,1.00,26/01/2022
"Uhome Smart Energy (Wuxi) Co., Ltd.",LFP 4.8kWh,LiFePO4,4.8,2.88,0.60,21/06/2023
"Uhome Smart Energy (Wuxi) Co., Ltd.",LFP 5000A,LiFePO4,5,3,0.60,08/09/2023
"Uhome Smart Energy (Wuxi) Co., Ltd.",LFP 5000,LiFePO4,5.1,3,0.59,26/10/2023
"Uhome Smart Energy (Wuxi) Co., Ltd.",LFP 9.6kWh,LiFePO4,9.6,5.76,0.60,21/06/2023
"Uhome Smart Energy (Wuxi) Co., Ltd.",LFP 14.4kWh,LiFePO4,14.4,8.64,0.60,21/06/2023
"Uhome Smart Energy (Wuxi) Co., Ltd.",LFP 19.2kWh,LiFePO4,19.2,9.6,0.50,21/06/2023
"Ulectric Technology Co., Ltd",Camel HESS-5,LiFePO4,5,5,1.00,27/12/2022
"Ulectric Technology Co., Ltd",Camel HESS-10,LiFePO4,10,9,0.90,27/12/2022
"Ulectric Technology Co., Ltd",Camel HESS-15,LiFePO4,15,10,0.67,27/12/2022
"Ulectric Technology Co., Ltd",Camel HSS-20,LiFePO4,20,10,0.50,27/12/2022
Xiamen Ampace Technology Limited,C-M51200ESA1,LiFePO4,10.03,5.12,0.51,10/05/2022
"Xiamen Kehua Digital Energy Tech Co., Ltd",iStoragE B5L-S1,LiFePO4,5,2.5,0.50,07/11/2022
"Yotta Energy, Inc.",SL-1000,LiFePO4,1,0.675,0.68,05/01/2023
